graphName,vertexID,new_AlphaCentrality,old_AlphaCentrality,new_BetweennessCentrality,old_BetweennessCentrality,new_ClosenessCentrality,old_ClosenessCentrality,new_ClusteringCoefficient,old_ClusteringCoefficient,new_Coreness,old_Coreness,new_HarmonicCentrality,old_HarmonicCentrality,new_PageRank,old_PageRank,
312116338,44,1.0101010002,1.0101010002,0.0,0.0,0.0,0.0,0.0,0.0,1,1,0.02040816326530612,0.02040816326530612,0.020703933747412015,0.021459227467811162,
312116338,45,1.0205130076,1.010203001,23.75,0.0,0.0,0.0,0.0,0.0,2,1,0.24344023323615147,0.03741496598639456,0.016899573711255715,0.01505910451891391,
312116338,46,1.0414470304,1.0413390226,131.1666666666667,255.44999999999996,0.0,0.0,0.0,0.0,2,2,0.332312925170068,0.2944120505344994,0.027622929765316766,0.03151845987197597,
312116338,47,1.0309320218,1.0307250146,26.583333333333325,36.0,0.0,0.0,0.3333333333333333,0.3333333333333333,2,2,0.25213799805636544,0.19906867508908327,0.020703596004744876,0.025027255790436208,
312116338,48,1.0105150116,1.0105150114,0.0,0.0,0.0,0.0,0.0,0.0,1,1,0.22750242954324582,0.20404114026563,0.008949042075025747,0.009513646084717732,
312116338,49,1.0312400294,1.0207200142,138.79999999999998,10.0,0.0,0.0,0.0,0.0,2,2,0.3285714285714286,0.22529964366699065,0.020637301433716154,0.016566045786180005,
312116338,10,1.0414510362,1.031031021,57.44999999999999,48.45000000000001,0.0,0.0,0.0,0.0,2,2,0.3229834791059281,0.2619776482021381,0.025838398601148633,0.023339048825118197,
312116338,11,1.031137025,1.020516009,91.65,95.23333333333332,0.0,0.0,0.0,0.0,2,2,0.3163265306122449,0.23401360544217686,0.020872984731902734,0.017369349700699657,
312116338,12,1.0307210132,1.0203070028,83.0,36.0,0.0,0.0,0.0,0.0,1,1,0.27278911564625846,0.1727081308713962,0.027857884017318067,0.023471574916638947,
312116338,13,1.031135025,1.020720014,152.28333333333333,96.73333333333332,0.0,0.0,0.0,0.0,2,2,0.3214285714285715,0.2430515063168125,0.021578226027588753,0.016765582483522154,
312116338,14,1.0311330238,1.031131022,58.89999999999999,52.749999999999986,0.0,0.0,0.3333333333333333,0.3333333333333333,2,2,0.28965014577259474,0.2534742468415938,0.021591933131763493,0.023310052843281498,
312116338,15,1.0,1.0,0.0,0.0,0.0,0.0,0.0,0.0,0,0,0.0,0.0,0.003105590062111803,0.0032188841201716747,
312116338,16,1.0307230136,1.0307210116,45.06666666666667,43.45,0.0,0.0,0.0,0.0,2,2,0.2541545189504372,0.22558309037900867,0.02388811639137749,0.026254422828296015,
312116338,17,1.0311330224,1.030822012,122.73333333333332,166.0,0.0,0.0,0.0,0.0,2,1,0.3119047619047619,0.2488581146744411,0.023271360450989053,0.028226375354328884,
312116338,18,1.031032023,1.0308250166,72.01666666666667,66.28333333333333,0.0,0.0,0.0,0.0,2,2,0.2989795918367347,0.2552964042759961,0.02078726104599184,0.02474635504096788,
312116338,19,1.0413450298,1.0206150098,109.06666666666666,13.666666666666668,0.0,0.0,0.16666666666666666,0.0,2,2,0.3292517006802721,0.22232750242954322,0.02750079978876111,0.016744297002755634,
312116338,0,1.0103060038,1.010203001,0.0,0.0,0.0,0.0,0.0,0.0,1,1,0.20454324586977646,0.03741496598639456,0.010316209799887103,0.01505910451891391,
312116338,1,1.0205140094,1.010307005,6.550000000000001,0.0,0.0,0.0,0.0,0.0,2,1,0.2229348882410107,0.15336160438201257,0.015617320977737034,0.010304306382319876,
312116338,2,1.020825018,1.0207200128,25.133333333333333,36.83333333333333,0.0,0.0,0.0,0.0,2,2,0.28911564625850333,0.24254130223517975,0.014676920486756643,0.01631821955784439,
312116338,3,1.0205110064,1.0203050016,18.833333333333332,2.0,0.0,0.0,0.0,0.0,2,1,0.23600583090379001,0.05102040816326531,0.017507512912982238,0.027859350416708423,
312116338,4,1.0310290194,1.0309260154,44.63333333333335,39.56666666666666,0.0,0.0,0.0,0.0,2,2,0.28474246841593764,0.2461370262390669,0.022145765798600853,0.024530256227254847,
312116338,5,1.0103070042,1.0,0.0,0.0,0.0,0.0,0.0,0.0,1,0,0.20544217687074828,0.0,0.01102549119506395,0.0032188841201716747,
312116338,6,1.03092902,1.0309290194,42.0,36.0,0.0,0.0,0.3333333333333333,0.3333333333333333,2,2,0.26552478134110785,0.23635406543569806,0.023323909046779685,0.024837104186822126,
312116338,7,1.051869048,1.0515540338,230.63333333333338,194.88333333333333,0.0,0.0,0.1,0.1,2,2,0.3615646258503401,0.29477648202138,0.031344269487617614,0.03639713083845789,
312116338,8,1.0515580388,1.0515570366,109.63333333333333,118.75000000000001,0.0,0.0,0.2,0.2,2,2,0.32079689018464536,0.2919096209912537,0.03437231883416317,0.03703249025937829,
312116338,9,1.0310320214,1.0309250152,61.16666666666666,120.73333333333333,0.0,0.0,0.0,0.0,2,2,0.2889698736637512,0.2576773566569484,0.021707997174783656,0.02470325105484067,
312116338,20,1.0103070046,1.0103070042,0.0,0.0,0.0,0.0,0.0,0.0,1,1,0.19344833171363784,0.1704648526077098,0.009894037343651138,0.010642096774074083,
312116338,21,1.0102040026,1.010204002,0.0,0.0,0.0,0.0,0.0,0.0,1,1,0.18994169096209915,0.1563816002591513,0.011324561213874623,0.01251281617055465,
312116338,22,1.0413490338,1.041244028,130.70000000000002,168.51666666666668,0.0,0.0,0.0,0.0,2,2,0.336734693877551,0.29693877551020403,0.026072592763280927,0.029234109567407823,
312116338,23,1.0204130074,1.0204100052,42.0,36.0,0.0,0.0,0.0,0.0,1,1,0.24193391642371223,0.19799157758341426,0.019306312880986623,0.0218400589232383,
312116338,24,1.0101010002,1.0101010002,0.0,0.0,0.0,0.0,0.0,0.0,1,1,0.02040816326530612,0.02040816326530612,0.020703933747412015,0.021459227467811162,
312116338,25,1.0209280193999999,1.0,0.0,0.0,0.0,0.0,1.0,0.0,2,0,0.2765306122448979,0.0,0.015013746848084982,0.0032188841201716747,
312116338,26,1.0515520334,1.0205110058,224.30000000000004,70.0,0.0,0.0,0.1,0.0,2,1,0.35000000000000003,0.20309361839974083,0.035691179259219684,0.021153262353090015,
312116338,27,1.0308270158,1.0206170102,58.91666666666667,9.666666666666666,0.0,0.0,0.0,0.0,2,2,0.2869290573372205,0.22138807904114016,0.022471405752747354,0.016942054223149067,
312116338,28,1.0309320205999999,1.0307240132,77.63333333333334,54.249999999999986,0.0,0.0,0.0,0.0,2,2,0.30068027210884357,0.2456268221574344,0.021314477424923903,0.02387837186729489,
312116338,29,1.0519700514,1.0518630434,122.91666666666667,148.98333333333332,0.0,0.0,0.1,0.1,2,2,0.35,0.3104227405247814,0.03132206797934078,0.034983474449665215,
312116338,30,1.0209320238,1.0209300213999999,4.500000000000001,18.7,0.0,0.0,0.0,0.0,2,2,0.2887755102040817,0.2590379008746357,0.013974195642305964,0.015381452377878682,
312116338,31,1.0101010002,1.0101010002,0.0,0.0,0.0,0.0,0.0,0.0,1,1,0.02040816326530612,0.02040816326530612,0.020703933747412015,0.021459227467811162,
312116338,32,1.031237026,1.0308250144,83.58333333333333,42.766666666666666,0.0,0.0,0.0,0.0,2,2,0.3210884353741496,0.2534256559766763,0.020854284582213892,0.02386652322128134,
312116338,33,1.0103090058,1.0103090058,0.0,0.0,0.0,0.0,0.0,0.0,1,1,0.2002753482345319,0.17645772594752185,0.009712759210498337,0.010253203692459734,
312116338,34,1.0312420308,1.0311330224,25.46666666666666,34.0,0.0,0.0,0.6666666666666666,0.6666666666666666,2,2,0.2891156462585034,0.2344833171363784,0.019695246748942134,0.023005932347002572,
312116338,35,1.0101010002,1.0101010002,0.0,0.0,0.0,0.0,0.0,0.0,1,1,0.02040816326530612,0.02040816326530612,0.020703933747412015,0.021459227467811162,
312116338,36,1.051658039,1.0413400256,193.73333333333332,224.85000000000005,0.0,0.0,0.0,0.0,2,2,0.363265306122449,0.3022351797862001,0.032622129002320206,0.029827997985578614,
312116338,37,1.0306190104,1.0203050016,76.75,2.0,0.0,0.0,0.0,0.0,2,1,0.27060252672497576,0.05102040816326531,0.025379201513556597,0.027859350416708423,
312116338,38,1.0207260182,1.0205170102,21.333333333333332,4.45,0.0,0.0,0.0,0.0,2,2,0.2821671525753159,0.2181567865241335,0.014447774476267876,0.016884745845397994,
312116338,39,1.0,1.0,0.0,0.0,0.0,0.0,0.0,0.0,0,0,0.0,0.0,0.003105590062111803,0.0032188841201716747,
312116338,40,1.0103070042,1.0102030014,0.0,0.0,0.0,0.0,0.0,0.0,1,1,0.20544217687074826,0.1396103896103896,0.01102549119506395,0.013163312620615606,
312116338,41,1.0205150092,1.010308005,19.96666666666666,0.0,0.0,0.0,0.0,0.0,2,1,0.24096209912536445,0.1890427599611273,0.015620087024514853,0.010223859632871472,
312116338,42,1.0314470354,1.0314450328,37.133333333333326,63.03333333333332,0.0,0.0,0.3333333333333333,0.3333333333333333,2,2,0.3125850340136055,0.28284742468415947,0.01981764765521991,0.02167621434242474,
312116338,43,1.0415530388,1.0311330224,44.016666666666666,34.0,0.0,0.0,0.3333333333333333,0.6666666666666666,2,2,0.30782312925170063,0.23448331713637838,0.025376763477842592,0.023005932347002572,
1006485584,88,1.0718800065563232,1.0707308703869156,6.17345621686583,9.361039328985308,0.43805309734513276,0.4267241379310345,0.2,0.2,6,6,0.4730639730639733,0.4629629629629633,0.005285762299905599,0.005917629323888873,
1006485584,89,1.1109363295577632,1.0761562504587658,13.315310680866734,2.450819101792529,0.46919431279620855,0.4479638009049774,0.2222222222222222,0.5333333333333333,8,6,0.5084175084175087,0.48148148148148173,0.0070724686805366515,0.005688367397732667,
1006485584,90,1.0999418322819698,1.0756488807110582,7.455135291343478,3.52409114644889,0.4925373134328358,0.4669811320754717,0.25,0.3333333333333333,8,6,0.5218855218855221,0.496632996632997,0.006431808694885397,0.005750042180601671,
1006485584,91,1.127532081593873,1.0676495528581447,26.58867790677532,9.181380473931235,0.4782608695652174,0.4024390243902439,0.03636363636363636,0.0,8,6,0.5218855218855221,0.4393939393939397,0.008503829545118491,0.0060242880507903745,
1006485584,92,1.0883995135483593,1.072863564207439,6.947840850996501,7.650386444194492,0.46919431279620855,0.44,0.23809523809523808,0.2,7,6,0.5016835016835021,0.4747474747474751,0.005818091525186316,0.005891362665363647,
1006485584,93,1.0924648336444656,1.0679173063662128,15.880769111321117,9.571742178900049,0.4419642857142857,0.4057377049180328,0.07142857142857142,0.13333333333333333,8,6,0.48316498316498346,0.4427609427609431,0.006671799009423923,0.006084193624048509,
1006485584,94,1.0981482846568804,1.0722559729220238,11.763154437950469,11.40891655937504,0.4714285714285714,0.4479638009049774,0.14285714285714285,0.0,8,6,0.5067340067340069,0.4814814814814816,0.006491266649502718,0.0059369057393155915,
1006485584,95,1.0962978455131411,1.0724065764266826,14.347525575596464,11.870861173345087,0.46261682242990654,0.44594594594594594,0.07142857142857142,0.06666666666666667,8,6,0.5000000000000003,0.47979797979798017,0.006583217122798213,0.005964571369210385,
1006485584,96,1.0984498543620291,1.0724784958908073,10.316315499155303,6.591074061705462,0.4647887323943662,0.43805309734513276,0.2857142857142857,0.3333333333333333,7,6,0.501683501683502,0.4730639730639733,0.006509100491822064,0.005919481790996445,
1006485584,97,1.1285614458990192,1.0713623182909544,34.972358014583556,9.301179124042228,0.48058252427184467,0.43805309734513276,0.07272727272727272,0.13333333333333333,8,6,0.5235690235690238,0.47306397306397335,0.008642972667496281,0.005975786533831406,
1006485584,10,1.1809071337499581,1.165745408724123,19.345769655123917,18.460969017697238,0.526595744680851,0.5129533678756477,0.4065934065934066,0.3974358974358974,8,6,0.563973063973064,0.5521885521885523,0.009843119700166292,0.01048065238514232,
1006485584,98,1.1155628785679692,1.066636679974895,25.73471885336844,14.335837027892914,0.4669811320754717,0.4074074074074074,0.1111111111111111,0.0,8,6,0.5101010101010103,0.44444444444444464,0.007919695684032977,0.006194673000084836,
1006485584,11,1.3207942383655125,1.2911213566332016,168.95946208684632,179.92695612167995,0.5722543352601156,0.553072625698324,0.1339031339031339,0.13,8,6,0.632996632996633,0.6161616161616162,0.018594041403158443,0.020166263431238785,
1006485584,99,1.0831693573233678,1.0704636690101845,9.797296195862558,7.190788640324243,0.4419642857142857,0.4177215189873418,0.14285714285714285,0.2,7,6,0.47979797979798017,0.454545454545455,0.005890235967560463,0.0059228476205275965,
1006485584,12,1.4855441109755083,1.4743288294990773,394.06420207290694,523.7758665347623,0.6265822784810127,0.6265822784810127,0.1475609756097561,0.12560975609756098,8,6,0.7053872053872055,0.7053872053872055,0.02753833386370023,0.03230727891702332,
1006485584,13,1.322840169839935,1.2898143309494117,152.29923994504574,204.81488263123887,0.5722543352601156,0.559322033898305,0.1794871794871795,0.13666666666666666,8,6,0.632996632996633,0.6195286195286196,0.018486247700672632,0.020312167446012927,
1006485584,14,1.2558654289291216,1.2386521017057293,83.26969952594564,106.0181945397685,0.553072625698324,0.5439560439560439,0.23809523809523808,0.23157894736842105,8,6,0.6026936026936027,0.5942760942760944,0.014558295377935083,0.016201844488799966,
1006485584,15,1.258402464091628,1.204113313817937,92.5588828163264,83.33271671279046,0.559322033898305,0.5351351351351351,0.23809523809523808,0.23529411764705882,8,6,0.6060606060606061,0.5791245791245793,0.014661486306715306,0.013993368196018985,
1006485584,16,1.2555422895156325,1.192476374700943,95.1877980129919,70.75074797080362,0.559322033898305,0.526595744680851,0.20952380952380953,0.225,8,6,0.6060606060606061,0.5707070707070708,0.01462711285157514,0.013264171105744585,
1006485584,17,1.173785441273575,1.1704627811582222,40.08281540730116,57.175195860237736,0.5210526315789473,0.5210526315789473,0.25274725274725274,0.25274725274725274,8,6,0.5606060606060607,0.5606060606060607,0.010223146991657705,0.01178643886817725,
1006485584,18,1.2394565159292816,1.2120850715401577,96.76791764023456,113.70398414840541,0.5439560439560439,0.5351351351351351,0.15263157894736842,0.1437908496732026,8,6,0.5942760942760943,0.5824915824915825,0.014187390181362548,0.0149985320655562,
1006485584,19,1.1844078565849,1.1582822517845592,55.16049441252427,57.843846552202514,0.5238095238095238,0.5051020408163265,0.1619047619047619,0.1794871794871795,8,6,0.5656565656565657,0.5471380471380473,0.010856052096737292,0.011008723122774119,
1006485584,0,1.4181488655496348,1.3738665534587384,180.08474448284798,206.96448886782755,0.6,0.5892857142857143,0.25668449197860965,0.25161290322580643,8,6,0.6700336700336701,0.654882154882155,0.02239433543643424,0.02385944300197674,
1006485584,1,1.370460493824593,1.3402717434943663,158.29275874026382,176.8473128425746,0.5892857142857143,0.5823529411764706,0.26666666666666666,0.2698412698412698,8,6,0.6515151515151515,0.6414141414141414,0.02003433705588348,0.021662638435170148,
1006485584,2,1.279242182569615,1.2405914977617272,62.40389732150292,53.08379828047302,0.5561797752808989,0.5469613259668509,0.3593073593073593,0.4093567251461988,8,6,0.6077441077441078,0.5925925925925927,0.014847569740554149,0.014865606581402317,
1006485584,3,1.5368103475370751,1.5240098127087185,456.0877902613669,628.0295729260383,0.6470588235294118,0.6470588235294118,0.16767676767676767,0.14646464646464646,8,6,0.7272727272727273,0.7272727272727273,0.02992535296293648,0.03511427347050851,
1006485584,4,1.353801164092256,1.3355670258901502,145.73975040480465,172.65900176619127,0.5823529411764706,0.5755813953488372,0.24876847290640394,0.23544973544973544,8,6,0.6447811447811448,0.6380471380471381,0.019473572067177435,0.021832092510412956,
1006485584,5,1.3454124360362356,1.3394954823587961,161.50007729476263,210.03942112328178,0.5823529411764706,0.5789473684210527,0.24867724867724866,0.24603174603174602,8,6,0.6414141414141414,0.6397306397306397,0.018893122742854755,0.021755352008252682,
1006485584,6,1.4206679293425921,1.390194601396205,263.60119926356583,285.71418468862885,0.6073619631901841,0.6,0.18823529411764706,0.19128787878787878,8,6,0.6767676767676768,0.6666666666666666,0.023461216854342628,0.02566591349611537,
1006485584,7,1.4145029421337991,1.393578950106133,214.8130541644093,279.8321722006708,0.6,0.5963855421686747,0.21746880570409982,0.20075757575757575,8,6,0.6700336700336701,0.6649831649831651,0.022616202001118867,0.025632749079565427,
1006485584,8,1.2449502495552518,1.2166307147067468,82.3557487852294,92.22957763088088,0.55,0.5351351351351351,0.24210526315789474,0.2549019607843137,8,6,0.5976430976430976,0.5824915824915826,0.013965799321219677,0.014697293127114246,
1006485584,9,1.2078493857490968,1.192570084925546,54.085193489401384,60.78856241581194,0.5380434782608695,0.5210526315789473,0.2426470588235294,0.25,8,6,0.5808080808080808,0.5673400673400675,0.0121096905949378,0.013184437264340989,
1006485584,20,1.126132855718867,1.1013632519628507,20.402519304030506,15.654588811744558,0.5,0.4852941176470588,0.28888888888888886,0.39285714285714285,8,6,0.5336700336700338,0.5168350168350171,0.007701258117290588,0.007197514309683735,
1006485584,21,1.2066758208456614,1.168734524966324,57.88729956717576,50.20037561288888,0.532258064516129,0.5051020408163265,0.21323529411764705,0.23076923076923078,8,6,0.5774410774410775,0.5505050505050506,0.012109942973516424,0.011714042717024357,
1006485584,22,1.1510798712160968,1.1256676575086941,23.602615220090392,24.748710461182846,0.518324607329843,0.5025380710659898,0.2727272727272727,0.28888888888888886,8,6,0.5521885521885522,0.5353535353535355,0.008890940297961242,0.008754356220033096,
1006485584,23,1.1811778252271492,1.1550300995414744,45.93315902878429,48.548168171117204,0.526595744680851,0.5103092783505154,0.19047619047619047,0.19230769230769232,8,6,0.5673400673400674,0.5505050505050506,0.010911185351004968,0.011032212827881315,
1006485584,24,1.3070698555195657,1.2782542312091283,154.42832449566686,171.2462329347083,0.5755813953488372,0.5625,0.15384615384615385,0.14855072463768115,8,6,0.6313131313131313,0.6178451178451179,0.018054240594697943,0.019441657586510137,
1006485584,25,1.172595225084621,1.1578707722662276,37.88151591956454,44.959969686715795,0.5210526315789473,0.5076923076923077,0.23076923076923078,0.24358974358974358,8,6,0.5606060606060607,0.548821548821549,0.010208778943641606,0.011010081481089354,
1006485584,26,1.1960433393459697,1.1681005101068411,41.6854777331571,46.54871278218784,0.5294117647058824,0.5051020408163265,0.225,0.2087912087912088,8,6,0.5723905723905726,0.5505050505050507,0.011364004931658237,0.011659474181312943,
1006485584,27,1.183708774386146,1.1684690850049415,51.56269035449885,74.95554878658959,0.5294117647058824,0.5210526315789473,0.19047619047619047,0.17582417582417584,8,6,0.5690235690235691,0.5606060606060608,0.01087766807481482,0.011886134706230123,
1006485584,28,1.1348737533956965,1.1103986844260312,22.724405933685937,22.672524653119094,0.49748743718592964,0.4852941176470588,0.2,0.19444444444444445,8,6,0.5353535353535356,0.5202020202020204,0.008386875503536787,0.00805573723492682,
1006485584,29,1.1120389349970434,1.0987465037477588,13.617187577992599,20.773242757092547,0.48058252427184467,0.47368421052631576,0.16666666666666666,0.17857142857142858,8,6,0.5168350168350171,0.5084175084175088,0.007060500172922192,0.007294251532822098,
1006485584,30,1.1938601169140917,1.132237246849947,53.249630717513746,33.816112642870806,0.5409836065573771,0.5076923076923077,0.19166666666666668,0.16363636363636364,8,6,0.579124579124579,0.5420875420875422,0.011519311386285614,0.009564111459128177,
1006485584,31,1.147661141833423,1.133235116129707,27.450684554771268,32.85513544067794,0.5025380710659898,0.4852941176470588,0.21212121212121213,0.21818181818181817,8,6,0.5420875420875422,0.5269360269360271,0.009027524616798942,0.009633300518220067,
1006485584,32,1.139476124753438,1.1037485207255684,22.655250568210064,15.351606940641915,0.515625,0.495,0.3090909090909091,0.35714285714285715,8,6,0.5471380471380471,0.5235690235690237,0.008286352669928136,0.007143941765553452,
1006485584,33,1.1906125093005355,1.152233648265651,63.62449224910487,66.62957253379673,0.518324607329843,0.4925373134328358,0.15833333333333333,0.15384615384615385,8,6,0.5656565656565657,0.5387205387205389,0.011587397253222607,0.011194085961774722,
1006485584,34,1.1237805523550908,1.110305121628162,12.893451940535122,12.683531327084692,0.48058252427184467,0.4714285714285714,0.26666666666666666,0.3055555555555556,8,6,0.5202020202020207,0.5101010101010106,0.007680843122082151,0.007967085859434902,
1006485584,35,1.133782090000057,1.1309604477971096,27.782607155497825,40.71944479624373,0.5103092783505154,0.5076923076923077,0.16363636363636364,0.16363636363636364,8,6,0.5437710437710438,0.5420875420875421,0.008422197570003493,0.009689914329998016,
1006485584,36,1.1713638072049386,1.1335981826961028,30.8622478952425,25.74848062318673,0.515625,0.4925373134328358,0.2857142857142857,0.3090909090909091,8,6,0.5572390572390573,0.5319865319865322,0.010147172081982434,0.009454935705895904,
1006485584,37,1.1130145191073717,1.1110378112275945,18.227618234078236,24.046507314348684,0.48292682926829267,0.47368421052631576,0.4166666666666667,0.3888888888888889,7,6,0.5185185185185187,0.511784511784512,0.007101221946256219,0.008024530979931763,
1006485584,38,1.1737236120589105,1.1097762347478242,34.86609672428934,17.16909777631477,0.526595744680851,0.48058252427184467,0.17582417582417584,0.16666666666666666,8,6,0.563973063973064,0.516835016835017,0.010134369579786846,0.008042510547761702,
1006485584,39,1.1583016856448798,1.1215520507864036,33.07023107141294,30.71196829670201,0.5051020408163265,0.48058252427184467,0.28205128205128205,0.3333333333333333,8,6,0.5471380471380474,0.5202020202020204,0.009655826388733867,0.008869020367089952,
1006485584,40,1.1074780820463368,1.0943437032889518,13.921307260029076,11.932654377711675,0.4714285714285714,0.4520547945205479,0.19444444444444445,0.21428571428571427,8,6,0.5101010101010105,0.49158249158249206,0.007216015905130005,0.00740840899712282,
1006485584,41,1.18796099959115,1.172739772418475,71.72400530738872,90.27908591179342,0.5129533678756477,0.495,0.125,0.10476190476190476,8,6,0.5622895622895625,0.5471380471380474,0.01178587508075163,0.012914626860275384,
1006485584,42,1.1376594543359548,1.1125438447366451,19.819214176913917,16.19508982984267,0.4900990099009901,0.4714285714285714,0.3090909090909091,0.3611111111111111,8,6,0.5303030303030305,0.5101010101010104,0.008328851495666327,0.007989642005199213,
1006485584,43,1.1080389943555033,1.0946104146001632,14.971184706290133,16.381580238727736,0.47596153846153844,0.4541284403669725,0.1388888888888889,0.14285714285714285,8,6,0.5134680134680135,0.4932659932659934,0.007090126812564543,0.007315256008551062,
1006485584,44,1.0920358700804813,1.0786139092396534,3.323334745063455,2.242345749960304,0.4852941176470588,0.4714285714285714,0.3333333333333333,0.26666666666666666,7,6,0.5134680134680137,0.5000000000000003,0.005627461010371932,0.005594639818939809,
1006485584,45,1.0875540247936475,1.075177514022359,6.456939358939063,4.927925468064787,0.4647887323943662,0.4541284403669725,0.14285714285714285,0.2,7,6,0.4983164983164987,0.48653198653198704,0.005811256372098195,0.005736466025916177,
1006485584,46,1.1609521286866094,1.1133343250489238,35.35783585193826,23.310800260884236,0.5210526315789473,0.49748743718592964,0.24358974358974358,0.3055555555555556,8,6,0.5572390572390573,0.5286195286195288,0.00965093113429248,0.008030995259826207,
1006485584,47,1.0991224340738677,1.0749007648170563,6.664237697865265,3.4135812444635967,0.48058252427184467,0.46261682242990654,0.17857142857142858,0.26666666666666666,8,6,0.5134680134680136,0.49326599326599335,0.006379610302035088,0.005684631705720645,
1006485584,48,1.1490286405288068,1.1221701262233656,30.36560789535011,41.33170835694723,0.515625,0.495,0.22727272727272727,0.17777777777777778,8,6,0.5505050505050506,0.5303030303030304,0.008947968674003218,0.008893891739632405,
1006485584,49,1.1350033141609228,1.0992492930537654,22.232039733252407,12.895364094160456,0.5025380710659898,0.48292682926829267,0.21818181818181817,0.25,8,6,0.5387205387205389,0.5151515151515155,0.008353216262561221,0.007232435199988981,
1006485584,50,1.110909733868431,1.0974748869357953,16.790161469793617,21.798562614541968,0.48292682926829267,0.47368421052631576,0.25,0.21428571428571427,8,6,0.5185185185185187,0.5084175084175085,0.007139829627361315,0.0073819016969628075,
1006485584,51,1.1420239791267202,1.1254019925998926,33.448817209749855,46.26970691618036,0.495,0.4669811320754717,0.16666666666666666,0.12727272727272726,8,6,0.5370370370370372,0.5134680134680137,0.009116922364272235,0.009902005753426268,
1006485584,52,1.1674928431371931,1.108653944978593,50.481165899092424,26.617601620261066,0.515625,0.48292682926829267,0.13186813186813187,0.16666666666666666,8,6,0.5572390572390573,0.5185185185185187,0.010407688975160336,0.00816806390039256,
1006485584,53,1.1212882756914169,1.1071721221174649,17.110459601151707,18.87696928231565,0.4782608695652174,0.4583333333333333,0.15555555555555556,0.16666666666666666,8,6,0.5185185185185187,0.5000000000000002,0.007758540789261576,0.008134969174468987,
1006485584,54,1.1535907486308414,1.1392957052273243,45.18489897591328,43.57769589363543,0.495,0.46919431279620855,0.1282051282051282,0.10606060606060606,8,6,0.5404040404040407,0.5185185185185188,0.009874285395337842,0.010534653460913354,
1006485584,55,1.1646094355390222,1.1152023332732306,26.920629883825185,17.787946192177785,0.5051020408163265,0.4852941176470588,0.358974358974359,0.3611111111111111,8,6,0.5471380471380473,0.5202020202020203,0.009492724230581284,0.00795575622569157,
1006485584,56,1.0913513952994978,1.0898735788220568,5.61100187187831,8.24283702410154,0.495,0.48292682926829267,0.2857142857142857,0.2857142857142857,7,6,0.5202020202020203,0.511784511784512,0.005723838111878757,0.006459567436336732,
1006485584,57,1.148378397606308,1.1109014706178626,30.279389136966955,28.0448852647003,0.5129533678756477,0.4852941176470588,0.19696969696969696,0.2222222222222222,8,6,0.5488215488215489,0.5202020202020204,0.008958365882087213,0.008098935207186936,
1006485584,58,1.1091407496703014,1.0846899902344613,13.712966951380864,7.551561978402679,0.4714285714285714,0.43805309734513276,0.2222222222222222,0.38095238095238093,8,6,0.5101010101010105,0.4764309764309769,0.007088720938586382,0.006524355202567339,
1006485584,59,1.1109301753902294,1.082497399538802,13.468582227467719,13.516955872029865,0.4782608695652174,0.4439461883408072,0.2222222222222222,0.14285714285714285,8,6,0.5151515151515152,0.48148148148148173,0.007046498386813697,0.006668084858819321,
1006485584,60,1.132639520438283,1.0856522596323217,26.22506236101234,15.943301483357192,0.495,0.4541284403669725,0.2,0.2857142857142857,8,6,0.5336700336700338,0.4898989898989901,0.008428980926052695,0.006621316295805626,
1006485584,61,1.1134000244939273,1.1104020400371986,15.221737242139563,31.33227163587079,0.4925373134328358,0.4876847290640394,0.2777777777777778,0.25,8,6,0.5252525252525254,0.5218855218855221,0.0070666852977510864,0.00821984600616382,
1006485584,62,1.099527937255979,1.0749812602941413,4.362891335788543,2.7971413826763722,0.4583333333333333,0.44,0.39285714285714285,0.4666666666666667,8,6,0.49663299663299687,0.4747474747474751,0.006271209039816605,0.005621016327801272,
1006485584,63,1.1196359288918032,1.1168688970465774,22.07212496765943,38.504540275388244,0.48058252427184467,0.46261682242990654,0.17777777777777778,0.13333333333333333,8,6,0.5202020202020204,0.506734006734007,0.007835439583538915,0.009090963285988456,
1006485584,64,1.1292283818089195,1.0908795269795002,28.506811447599596,23.579317205709415,0.48292682926829267,0.43612334801762115,0.10909090909090909,0.03571428571428571,8,6,0.5252525252525255,0.47811447811447844,0.00846282966735972,0.007560438816950194,
1006485584,65,1.1200270628917806,1.0852062907415783,22.65630515419524,11.90251689014015,0.4852941176470588,0.45622119815668205,0.13333333333333333,0.19047619047619047,8,6,0.5235690235690237,0.4915824915824918,0.007849559004145546,0.006607096042230007,
1006485584,66,1.1326357573896086,1.095548576195306,29.49288090214608,28.28773539117567,0.49748743718592964,0.4669811320754717,0.10909090909090909,0.10714285714285714,8,6,0.5353535353535357,0.5033670033670037,0.008488519374249355,0.0075068501981287615,
1006485584,67,1.1211732875996236,1.0854095010724802,20.283332607606425,9.823796302024713,0.48292682926829267,0.45622119815668205,0.15555555555555556,0.23809523809523808,8,6,0.5218855218855221,0.4915824915824918,0.007782242393496639,0.006585177920814829,
1006485584,68,1.1315218200568267,1.09472108474953,22.807654586699016,15.584616300152515,0.47596153846153844,0.4520547945205479,0.21818181818181817,0.14285714285714285,8,6,0.5202020202020204,0.4915824915824919,0.008431023635933217,0.007408397318355136,
1006485584,69,1.1347274549256308,1.096755404623984,16.642945051951234,11.805781549968373,0.4876847290640394,0.4604651162790698,0.18181818181818182,0.17857142857142858,8,6,0.5286195286195289,0.49831649831649893,0.008261229131372543,0.007319725986230125,
1006485584,70,1.1181553621619535,1.0813277275692352,26.56526386688406,18.923504752515843,0.4782608695652174,0.44,0.1111111111111111,0.09523809523809523,8,6,0.5185185185185186,0.47811447811447827,0.007874140791203972,0.006834728596215035,
1006485584,71,1.1124629594824338,1.0964093200462848,13.944664214539088,18.35030342448452,0.4900990099009901,0.48292682926829267,0.2777777777777778,0.17857142857142858,8,6,0.5235690235690237,0.5151515151515152,0.007125774532392327,0.007489148076989271,
1006485584,72,1.1328640896958557,1.1070831731601638,26.234482155967246,27.586110905511248,0.5,0.47368421052631576,0.14545454545454545,0.1388888888888889,8,6,0.5370370370370372,0.511784511784512,0.008426028919749586,0.00829741909184106,
1006485584,73,1.100513823254413,1.0764180269035681,10.015941287094293,4.447265287498564,0.48292682926829267,0.45622119815668205,0.2857142857142857,0.4666666666666667,8,6,0.5151515151515152,0.48821548821548855,0.006411923346140586,0.005734572577009046,
1006485584,74,1.0887690392843865,1.0759887952014724,4.833831068384216,5.115711482038073,0.46261682242990654,0.45622119815668205,0.38095238095238093,0.4,7,6,0.49663299663299704,0.48821548821548855,0.005774548693168194,0.005756755919975295,
1006485584,75,1.081129952894058,1.0794838615034854,1.4517851391764436,2.0435354248434745,0.47368421052631576,0.46919431279620855,0.7333333333333333,0.6666666666666666,6,6,0.501683501683502,0.49831649831649855,0.005034058566044333,0.005636754037094171,
1006485584,76,1.124214836568567,1.0988191314517695,16.325291235826256,14.01722787987455,0.49748743718592964,0.4714285714285714,0.2222222222222222,0.2857142857142857,8,6,0.531986531986532,0.506734006734007,0.007708874957545334,0.007343186207363919,
1006485584,77,1.117193859678264,1.0808858929580838,21.614632797764287,13.062869668457903,0.46919431279620855,0.4248927038626609,0.022222222222222223,0.047619047619047616,8,6,0.511784511784512,0.4646464646464648,0.007863480562397687,0.006778483910441672,
1006485584,78,1.1248569181118806,1.098598113080319,17.806845632602883,16.597400442574706,0.5076923076923077,0.47368421052631576,0.2,0.25,8,6,0.5387205387205388,0.5084175084175085,0.007700751614462905,0.007390835953927065,
1006485584,79,1.1178399333853244,1.0922202407998454,19.70711568851698,18.785290983128267,0.4647887323943662,0.4342105263157895,0.15555555555555556,0.07142857142857142,8,6,0.5084175084175088,0.4764309764309769,0.007823573410219635,0.007543214562766855,
1006485584,80,1.091937507454886,1.0787776101778224,12.968332530901254,15.779940438657142,0.4267241379310345,0.4107883817427386,0.10714285714285714,0.047619047619047616,7,6,0.4696969696969699,0.45117845117845146,0.006646088180493966,0.00683648484303062,
1006485584,81,1.072520257125903,1.070199727736273,4.018751229841836,5.003047292243871,0.42857142857142855,0.4107883817427386,0.2,0.2,6,6,0.4646464646464649,0.4478114478114481,0.005200548903979062,0.005884161937388081,
1006485584,82,1.0948269743019168,1.08151316822191,14.791920470439415,16.692352638679484,0.4520547945205479,0.4342105263157895,0.14285714285714285,0.09523809523809523,8,6,0.4915824915824918,0.47306397306397335,0.006583878724456552,0.006756596669554207,
1006485584,83,1.1333051996934156,1.0858243240667333,24.27582978979469,16.165008757376846,0.495,0.4604651162790698,0.18181818181818182,0.3333333333333333,8,6,0.5336700336700338,0.49494949494949525,0.008429216722178728,0.006697049811951398,
1006485584,84,1.0972400590881197,1.072989873683737,12.881941483915627,5.556549343790653,0.4541284403669725,0.42857142857142855,0.17857142857142858,0.2,8,6,0.4932659932659934,0.46464646464646503,0.006495256620781806,0.005812346798580306,
1006485584,85,1.1424575819353748,1.0689030406818638,28.745887803977666,13.794122388563256,0.48292682926829267,0.42127659574468085,0.21212121212121213,0.13333333333333333,8,6,0.5286195286195289,0.4579124579124582,0.009070214725877752,0.00608399561365216,
1006485584,86,1.112034240093972,1.0874820902005564,11.248420314880795,10.817541324200155,0.48292682926829267,0.4714285714285714,0.2222222222222222,0.19047619047619047,7,6,0.5185185185185187,0.5033670033670036,0.007083641927838075,0.006530680881760011,
1006485584,87,1.0876123005687341,1.0755412928260637,10.09297700905548,6.0372405160769,0.4669811320754717,0.4520547945205479,0.14285714285714285,0.2,7,6,0.5000000000000002,0.4848484848484851,0.005827267831003848,0.005735181184010819,
1204167249,88,1.1034756268556694,1.0759348718350064,5.313589444901189,3.5671077787951555,0.48058252427184467,0.45622119815668205,0.5,0.4666666666666667,8,6,0.5134680134680136,0.48821548821548855,0.006257779826568381,0.005690241773430697,
1204167249,89,1.0799673208223475,1.079059241645751,2.530874171584535,3.244095355127963,0.47368421052631576,0.47368421052631576,0.5333333333333333,0.5333333333333333,6,6,0.5016835016835018,0.5016835016835018,0.005039771868578848,0.005623051310625213,
1204167249,90,1.0896346841929532,1.0749461145757828,5.379905845599042,5.547268269428538,0.46919431279620855,0.44594594594594594,0.19047619047619047,0.26666666666666666,7,6,0.5016835016835018,0.47979797979797995,0.0057168055953021385,0.005778217003593558,
1204167249,91,1.1376482724936765,1.0894169643948142,16.48499565850948,8.263398862552533,0.5025380710659898,0.47596153846153844,0.32727272727272727,0.42857142857142855,8,6,0.5387205387205388,0.5067340067340067,0.008252499202481611,0.006442985932582582,
1204167249,92,1.0934530573934749,1.0669311960994128,13.70216211873245,10.98990239121044,0.43805309734513276,0.39759036144578314,0.14285714285714285,0.0,7,6,0.4797979797979801,0.43434343434343464,0.006671635183967019,0.006150712943117762,
1204167249,93,1.085465132928022,1.0839862507962286,11.563668378067387,15.496368040508566,0.4541284403669725,0.4520547945205479,0.14285714285714285,0.14285714285714285,6,6,0.48989898989898994,0.4882154882154883,0.005955969403502205,0.0067028881570782095,
1204167249,94,1.1213423602716541,1.0739024099024534,20.986132483107472,10.196806670319253,0.4925373134328358,0.46261682242990654,0.2,0.13333333333333333,8,6,0.5286195286195288,0.49326599326599335,0.00778185513548986,0.0058685246088786966,
1204167249,95,1.0887079094759915,1.0750222488407768,4.159163439054103,5.392434213323739,0.4604651162790698,0.45,0.38095238095238093,0.3333333333333333,7,6,0.4949494949494951,0.4831649831649834,0.005736336814549435,0.005739902060479246,
1204167249,96,1.12583416755707,1.0777347990822417,13.753916362483858,4.292423190159414,0.4925373134328358,0.4604651162790698,0.26666666666666666,0.4,8,6,0.5286195286195288,0.4915824915824916,0.007638373614573606,0.005729288052911998,
1204167249,97,1.1210865990477745,1.0732774065782593,14.008000402831481,3.712858071170091,0.4714285714285714,0.43231441048034935,0.2222222222222222,0.3333333333333333,8,6,0.5134680134680139,0.4680134680134685,0.007667987498524155,0.005752426698963601,
1204167249,10,1.2095978949129038,1.1827653276663765,38.17631445061616,38.80713534404719,0.526595744680851,0.515625,0.3014705882352941,0.29523809523809524,8,6,0.5740740740740742,0.5606060606060608,0.011932927833023032,0.012249026143872653,
1204167249,98,1.0732376710277334,1.0717195455635289,7.929644154939874,10.20015294535699,0.4479638009049774,0.43612334801762115,0.13333333333333333,0.13333333333333333,6,6,0.4814814814814816,0.4713804713804715,0.005295071257599211,0.0059221518854374435,
1204167249,11,1.2012034069950852,1.1630623587369548,49.950701109337565,37.68351211014822,0.5380434782608695,0.5238095238095238,0.31666666666666665,0.3717948717948718,8,6,0.5774410774410775,0.558922558922559,0.011394461484044806,0.010865183617871352,
1204167249,99,1.0707078976756452,1.0688749819979442,6.37439137642592,8.418459778794126,0.4248927038626609,0.41422594142259417,0.0,0.0,6,6,0.4612794612794616,0.4511784511784515,0.005310940768539137,0.005955626932028721,
1204167249,12,1.259176346224202,1.2534328779504746,69.11210356884001,99.25379561991431,0.5561797752808989,0.553072625698324,0.28095238095238095,0.2571428571428571,8,6,0.6043771043771043,0.6026936026936027,0.014449272570351984,0.01676106170900983,
1204167249,13,1.265584445009961,1.249474322972986,115.112509772012,143.85549186730665,0.553072625698324,0.55,0.19480519480519481,0.19523809523809524,8,6,0.6060606060606061,0.601010101010101,0.015436429660896905,0.01714798960512265,
1204167249,14,1.333434372694644,1.2938586294722683,186.50910753201615,184.0210305187624,0.5755813953488372,0.5625,0.15873015873015872,0.16,8,6,0.6380471380471381,0.6212121212121213,0.01925534404994152,0.019976520886667556,
1204167249,15,1.218363534540512,1.2130257979428598,60.4581231412048,87.46261753905411,0.5351351351351351,0.5294117647058824,0.20915032679738563,0.1830065359477124,8,6,0.5824915824915825,0.5791245791245793,0.01278102772756036,0.014806256757320412,
1204167249,16,1.2113883583612557,1.1962605989981643,55.567277169589445,62.75465120422373,0.5409836065573771,0.532258064516129,0.23529411764705882,0.24166666666666667,8,6,0.5824915824915825,0.5740740740740741,0.011976916573425773,0.013000718503662162,
1204167249,17,1.234076314660461,1.1922415337310086,71.25310295776292,77.24951127247162,0.5380434782608695,0.515625,0.2807017543859649,0.25833333333333336,8,6,0.5875420875420876,0.563973063973064,0.013322579660881956,0.013330627019604496,
1204167249,18,1.2293143995056195,1.1790417799128474,80.5162649863567,69.72673670831756,0.532258064516129,0.5129533678756477,0.21637426900584794,0.20952380952380953,8,6,0.5841750841750843,0.558922558922559,0.01348677772523623,0.012593884473596537,
1204167249,19,1.183249278505596,1.146930117911451,44.79254548782974,30.63269605463528,0.5238095238095238,0.5025380710659898,0.22857142857142856,0.30303030303030304,8,6,0.5656565656565657,0.5420875420875422,0.010926330770940561,0.010252769764685941,
1204167249,0,1.436707307557288,1.4044982324946778,258.8036066492304,317.59514411888154,0.6111111111111112,0.6036585365853658,0.2111111111111111,0.2014260249554367,8,6,0.6818181818181818,0.6717171717171717,0.02400252206623877,0.0265896594300329,
1204167249,1,1.4455537483800978,1.4239838640285363,316.80890917336217,405.54214857961773,0.6149068322981367,0.6111111111111112,0.1996996996996997,0.1746031746031746,8,6,0.6868686868686869,0.6818181818181818,0.024929892672141282,0.028398728781137198,
1204167249,2,1.3781155066823698,1.3348864433760959,196.90536996741642,206.12896936121052,0.5892857142857143,0.5755813953488372,0.22580645161290322,0.21693121693121692,8,6,0.654882154882155,0.638047138047138,0.020822309676528164,0.02210356616994463,
1204167249,3,1.3240872963101287,1.3052119237535313,115.71910024969716,148.97536322252805,0.5755813953488372,0.5722543352601156,0.2553846153846154,0.24333333333333335,8,6,0.6313131313131313,0.6262626262626263,0.017464649736681107,0.01952718299303352,
1204167249,4,1.4228639837435098,1.3909880577883214,252.15618221239473,302.64488117621374,0.6073619631901841,0.6,0.20672268907563024,0.19128787878787878,8,6,0.6767676767676768,0.6666666666666666,0.023429640878151532,0.02579906986427854,
1204167249,5,1.5185585133757327,1.4956886853730977,382.6338561305974,487.7997334091252,0.6387096774193548,0.6346153846153846,0.19490586932447398,0.1765389082462253,8,6,0.7171717171717171,0.7121212121212122,0.02846290473714737,0.03256373911072634,
1204167249,6,1.424381489645656,1.3929468818381625,267.01818548063335,309.1351152924669,0.6073619631901841,0.6,0.21008403361344538,0.19886363636363635,8,6,0.6767676767676768,0.6666666666666666,0.023475601787990415,0.02580890971647848,
1204167249,7,1.5019879239263358,1.4891908709365518,379.94777789363593,520.7302787618158,0.6346153846153846,0.6346153846153846,0.16840882694541232,0.14518002322880372,8,6,0.7121212121212122,0.7121212121212122,0.028040130226236363,0.033047449979036095,
1204167249,8,1.298072686803475,1.2445663594528513,98.69324085962059,95.65092173749012,0.5689655172413793,0.553072625698324,0.2644927536231884,0.26842105263157895,8,6,0.6212121212121212,0.5993265993265994,0.01624752880679832,0.01593781358346818,
1204167249,9,1.2488694979247879,1.2103135481420135,71.60787953059588,70.48180268384539,0.55,0.5409836065573771,0.2631578947368421,0.3014705882352941,8,6,0.5976430976430976,0.5824915824915825,0.013865360430989583,0.013715409476315537,
1204167249,20,1.2723842059966723,1.2208774757457457,131.3994027549531,114.0657081604574,0.5625,0.532258064516129,0.11857707509881422,0.11695906432748537,8,6,0.6144781144781145,0.5841750841750843,0.016225855564375648,0.01571219320219314,
1204167249,21,1.1375657743507046,1.1214854290067668,15.110200509776343,17.302711939474108,0.5025380710659898,0.48058252427184467,0.34545454545454546,0.3111111111111111,8,6,0.5387205387205389,0.5202020202020203,0.00829635207534617,0.008807654564254416,
1204167249,22,1.2077681719985112,1.1812629230396714,64.46060504321353,62.69047950590856,0.5351351351351351,0.5238095238095238,0.21323529411764705,0.20952380952380953,8,6,0.5791245791245792,0.5656565656565657,0.012217731968387088,0.012579469432440989,
1204167249,23,1.136772016472733,1.1118817727044747,20.888378748707428,11.33833967777267,0.5076923076923077,0.4925373134328358,0.2727272727272727,0.3333333333333333,8,6,0.5420875420875423,0.5252525252525254,0.008264577098647134,0.007880114090457245,
1204167249,24,1.1641597843485667,1.1248353674314517,19.48716830812352,14.376910579308547,0.515625,0.49748743718592964,0.2948717948717949,0.3111111111111111,8,6,0.5538720538720541,0.5319865319865322,0.009378257513424745,0.008536550540787495,
1204167249,25,1.1349425726275637,1.1206083266693154,18.42290946132331,20.431965706102083,0.4925373134328358,0.4782608695652174,0.2727272727272727,0.26666666666666666,8,6,0.5319865319865322,0.5185185185185188,0.008288530589647231,0.008732530158345138,
1204167249,26,1.1607319540411187,1.1207285999840066,26.91660676173956,18.81224573487692,0.515625,0.4782608695652174,0.23076923076923078,0.24444444444444444,8,6,0.553872053872054,0.5185185185185187,0.00954551323945814,0.00877589797336743,
1204167249,27,1.2136942555455759,1.1971274521991968,58.86965351310464,73.00210593763667,0.5238095238095238,0.5129533678756477,0.1568627450980392,0.13970588235294118,8,6,0.5757575757575758,0.5656565656565657,0.012850716843708494,0.014259451809104026,
1204167249,28,1.180866715024214,1.177045373872107,46.81118452116832,58.69452242228756,0.515625,0.5051020408163265,0.1619047619047619,0.1619047619047619,8,6,0.5606060606060608,0.5538720538720541,0.01103742181150787,0.012746266299161788,
1204167249,29,1.1513051331866087,1.1344449022898646,33.07953928281627,36.38353241646159,0.515625,0.4925373134328358,0.30303030303030304,0.2545454545454545,8,6,0.5505050505050505,0.5319865319865321,0.008999937468688352,0.009569120178526808,
1204167249,30,1.1366494422135474,1.110598906209169,16.854102684667524,16.761081715069025,0.5025380710659898,0.4852941176470588,0.4,0.3333333333333333,8,6,0.5387205387205389,0.5202020202020203,0.00825852417384627,0.00798258645789442,
1204167249,31,1.1928539914299259,1.1638230166818175,47.52485356642489,58.56368387388169,0.5238095238095238,0.5051020408163265,0.225,0.18681318681318682,8,6,0.5690235690235691,0.5505050505050506,0.011478367854554824,0.01187385067338358,
1204167249,32,1.1599242673234018,1.1329938202470098,37.61366480566964,46.53186317261008,0.5076923076923077,0.4876847290640394,0.24358974358974358,0.2,8,6,0.5488215488215489,0.5286195286195288,0.009679754128827272,0.009757730896465339,
1204167249,33,1.2055397170370337,1.1785641337716168,66.29450085562651,72.23275775550754,0.532258064516129,0.518324607329843,0.20588235294117646,0.18095238095238095,8,6,0.5774410774410775,0.5622895622895624,0.012262242997413304,0.01270934313578978,
1204167249,34,1.1111308061037322,1.0966559139122294,10.830331819845224,13.194978343619907,0.47368421052631576,0.45622119815668205,0.3611111111111111,0.39285714285714285,8,6,0.511784511784512,0.4949494949494953,0.007004788902924123,0.0073073412346116055,
1204167249,35,1.1460591810072849,1.1097719787892308,32.44994495525079,26.858767298098805,0.5025380710659898,0.4782608695652174,0.18181818181818182,0.2222222222222222,8,6,0.5420875420875422,0.5151515151515154,0.009122534780776048,0.008157315606258427,
1204167249,36,1.1244590260402998,1.110552758863641,22.315363473192054,26.729594935389027,0.4925373134328358,0.48292682926829267,0.28888888888888886,0.2777777777777778,8,6,0.5286195286195289,0.5185185185185187,0.007695654045011371,0.008065591855889702,
1204167249,37,1.2038911542522956,1.1431849798665061,67.94715212519117,41.32499370836044,0.532258064516129,0.4900990099009901,0.16176470588235295,0.18181818181818182,8,6,0.5774410774410775,0.5336700336700338,0.012209504320050718,0.010360436183878528,
1204167249,38,1.1486460258443565,1.1008410836285414,27.020296367652758,13.486101908304855,0.518324607329843,0.4782608695652174,0.21212121212121213,0.35714285714285715,8,6,0.5521885521885523,0.511784511784512,0.008907143126212592,0.0071980922578910155,
1204167249,39,1.1295998919319654,1.0924737504894786,25.51336454545351,16.3807109288803,0.47368421052631576,0.43043478260869567,0.12727272727272726,0.17857142857142858,8,6,0.5185185185185189,0.4730639730639736,0.008487597753891633,0.007505876438324176,
1204167249,40,1.1304710703344691,1.1044067216765017,18.436141078774842,13.665546633299698,0.47596153846153844,0.44594594594594594,0.2545454545454545,0.3055555555555556,8,6,0.5202020202020204,0.4898989898989903,0.0084497683221383,0.00815476340405014,
1204167249,41,1.1472321873343179,1.1332062549673383,31.993253485643752,31.121275759842433,0.5051020408163265,0.4876847290640394,0.21212121212121213,0.23636363636363636,8,6,0.5437710437710439,0.5286195286195289,0.009067190733335385,0.00959875422131547,
1204167249,42,1.139995550030385,1.103126621029494,28.269954262810696,19.847836371661057,0.46919431279620855,0.43612334801762115,0.09090909090909091,0.08333333333333333,8,6,0.5185185185185189,0.4814814814814819,0.009093673402910214,0.008264064914790401,
1204167249,43,1.0904663080092198,1.0779608475087172,6.19192089321835,7.4999855219441525,0.47368421052631576,0.4669811320754717,0.3333333333333333,0.26666666666666666,7,6,0.5050505050505051,0.49663299663299676,0.005734103002705972,0.005701808819588014,
1204167249,44,1.1337971207245137,1.1303508027309517,29.438001301991232,44.704569614041255,0.5025380710659898,0.4925373134328358,0.16363636363636364,0.16363636363636364,8,6,0.5387205387205388,0.5319865319865321,0.008458643439949958,0.009742852225114205,
1204167249,45,1.1769802882186982,1.140384601771414,62.78622418537102,55.49964650743635,0.5025380710659898,0.48058252427184467,0.1619047619047619,0.19696969696969696,8,6,0.5521885521885525,0.5269360269360273,0.011218199310709855,0.010611386652918362,
1204167249,46,1.173530672272495,1.1195101015708326,29.36503206123169,28.388404009337435,0.5238095238095238,0.4876847290640394,0.27472527472527475,0.1111111111111111,8,6,0.5622895622895623,0.5252525252525254,0.01008887434306968,0.0088510516348282,
1204167249,47,1.156338299513184,1.1414062551808464,48.67335245917474,62.91116438224976,0.5025380710659898,0.4876847290640394,0.19230769230769232,0.16666666666666666,8,6,0.5454545454545456,0.5319865319865322,0.009852648199880819,0.010586576254660637,
1204167249,48,1.1212176870219708,1.08435202589572,14.130427333418405,10.017628150219167,0.46261682242990654,0.4439461883408072,0.3333333333333333,0.42857142857142855,8,6,0.506734006734007,0.48148148148148173,0.007720623380797049,0.00666123198774889,
1204167249,49,1.0863301776620304,1.0735397557363797,6.199332190983172,5.2861552356532195,0.4541284403669725,0.43805309734513276,0.19047619047619047,0.2,7,6,0.4898989898989903,0.47306397306397346,0.005813632048367054,0.005761141450652516,
1204167249,50,1.1419310934910767,1.1169661803579356,31.65860542846757,22.813659451282625,0.4876847290640394,0.4541284403669725,0.16666666666666666,0.15555555555555556,8,6,0.531986531986532,0.5000000000000001,0.009146304551614151,0.008924255520295115,
1204167249,51,1.1353354422589093,1.1097182792937481,28.08415691456516,28.530646223981883,0.5025380710659898,0.48292682926829267,0.2727272727272727,0.25,8,6,0.5387205387205388,0.5185185185185187,0.008413400828839757,0.008173291124538039,
1204167249,52,1.1098249286008575,1.073549080885034,12.53092190738435,4.438604958020091,0.48058252427184467,0.44594594594594594,0.16666666666666666,0.2,8,6,0.516835016835017,0.47979797979798017,0.007051855247590042,0.005719591997077536,
1204167249,53,1.1129924006615215,1.0991664186177397,10.467872042920886,7.962988024935618,0.4852941176470588,0.4714285714285714,0.2222222222222222,0.2857142857142857,8,6,0.5202020202020203,0.5067340067340068,0.006977318086767381,0.0071549489845548495,
1204167249,54,1.1038425123274518,1.0785285060530223,16.05258142261357,14.183826139511053,0.43612334801762115,0.4107883817427386,0.19444444444444445,0.14285714285714285,8,6,0.48148148148148184,0.45117845117845157,0.007275569579809902,0.0068789650677941435,
1204167249,55,1.1112336625818773,1.0848949650251962,15.293411225174328,11.723892440049365,0.4925373134328358,0.4647887323943662,0.25,0.23809523809523808,8,6,0.5252525252525254,0.4983164983164985,0.007106455386531646,0.0066359067002269385,
1204167249,56,1.1464974734207225,1.0987987119715994,25.317751254381093,13.006700589035335,0.5076923076923077,0.4782608695652174,0.22727272727272727,0.32142857142857145,8,6,0.5454545454545455,0.5117845117845119,0.008980197171029998,0.007285112904707883,
1204167249,57,1.146597989199428,1.1196027623565874,23.651768038597748,21.8068714388135,0.4925373134328358,0.48058252427184467,0.2727272727272727,0.2222222222222222,8,6,0.5353535353535357,0.5202020202020204,0.0089575259068316,0.008929316843961721,
1204167249,58,1.1435248557000224,1.1295508320345407,33.06790545145554,35.17628161502696,0.49748743718592964,0.47368421052631576,0.15151515151515152,0.16363636363636364,8,6,0.5387205387205388,0.5185185185185187,0.009150886869901472,0.00977060374551704,
1204167249,59,1.1654963171071424,1.1609042103497313,43.90484316249386,66.33412566721817,0.495,0.48292682926829267,0.18681318681318682,0.14285714285714285,8,6,0.5437710437710439,0.5353535353535355,0.010454764461677469,0.012198413955370278,
1204167249,60,1.1471656407420938,1.121309274373374,25.2456116162886,27.35389762279382,0.5051020408163265,0.4876847290640394,0.24242424242424243,0.2222222222222222,8,6,0.5437710437710438,0.5252525252525254,0.008995453153977914,0.0088521704857703,
1204167249,61,1.096397324076695,1.0944487223414292,12.7852445089249,19.05082222297126,0.4669811320754717,0.45622119815668205,0.17857142857142858,0.17857142857142858,8,6,0.5033670033670037,0.4949494949494953,0.006542939439622583,0.007447183459669257,
1204167249,62,1.119397823566095,1.0829712985566913,15.664201988284661,7.050633587147343,0.4714285714285714,0.44,0.2,0.2857142857142857,8,6,0.5134680134680136,0.4781144781144782,0.007780293473090182,0.006660371755239567,
1204167249,63,1.1082142623089888,1.083468097279448,19.03476279396347,16.10687305095447,0.47596153846153844,0.44594594594594594,0.2222222222222222,0.23809523809523808,7,6,0.5134680134680137,0.4831649831649834,0.0072017977729769865,0.006708176468895032,
1204167249,64,1.1144389000701138,1.100740610849662,17.013929156823764,18.095360861911633,0.4925373134328358,0.48058252427184467,0.3333333333333333,0.39285714285714285,7,6,0.5252525252525253,0.5134680134680135,0.007127322553690432,0.007311667812990597,
1204167249,65,1.0980793135586333,1.0742796092919162,10.99805326785642,10.940492040165953,0.4583333333333333,0.44594594594594594,0.2857142857142857,0.3333333333333333,7,6,0.49663299663299687,0.47979797979797995,0.006526177377107232,0.005817987213767513,
1204167249,66,1.0848368623804128,1.071418325135321,7.830781041036802,7.148764503756761,0.4541284403669725,0.4342105263157895,0.14285714285714285,0.2,7,6,0.48989898989899017,0.46969696969697,0.005847567241560794,0.005847313407861493,
1204167249,67,1.1471687027842248,1.1110755904823426,38.38945899355922,34.97312296713024,0.5103092783505154,0.4925373134328358,0.24242424242424243,0.2777777777777778,8,6,0.5471380471380473,0.5252525252525253,0.009139910973314342,0.008177603843080018,
1204167249,68,1.1351594862567254,1.0866428259193261,26.093174951478716,10.985251456212334,0.4925373134328358,0.4583333333333333,0.21818181818181817,0.2857142857142857,8,6,0.5319865319865321,0.4932659932659934,0.008399556640724958,0.0066339790022843775,
1204167249,69,1.1422317433370694,1.0800621416319873,15.115772206365651,1.3632775307149565,0.5051020408163265,0.47368421052631576,0.43636363636363634,0.6666666666666666,8,6,0.5404040404040406,0.5016835016835018,0.008095285270416457,0.00558072602595468,
1204167249,70,1.0901880713439838,1.077450719578552,4.431857784709348,4.993063608075556,0.47368421052631576,0.4669811320754717,0.3333333333333333,0.3333333333333333,7,6,0.5050505050505051,0.4966329966329967,0.005712547747595457,0.005686108724997981,
1204167249,71,1.131747169302433,1.0838574315335847,23.3769864013102,18.136757342214256,0.48058252427184467,0.44594594594594594,0.21818181818181817,0.2857142857142857,8,6,0.5235690235690237,0.48316498316498324,0.008385714249071178,0.006629484540950058,
1204167249,72,1.1082699738001445,1.0831523388245485,13.542801057009692,11.29866330601812,0.46261682242990654,0.4439461883408072,0.1388888888888889,0.14285714285714285,8,6,0.5033670033670038,0.48148148148148184,0.007100995339435649,0.0066240728266710016,
1204167249,73,1.0909666217349907,1.0892823166941488,4.870862249918911,6.070513521746695,0.4782608695652174,0.4714285714285714,0.42857142857142855,0.42857142857142855,7,6,0.5084175084175085,0.5033670033670036,0.005719931918131334,0.006446945669064449,
1204167249,74,1.1015207326790881,1.0766923009443001,6.473020539498065,3.8309672347039005,0.48292682926829267,0.4604651162790698,0.2857142857142857,0.26666666666666666,8,6,0.5151515151515154,0.49158249158249184,0.0063722546573514866,0.005701691993850116,
1204167249,75,1.087012611218539,1.07448764181834,7.2314686493972395,5.473626734996243,0.45622119815668205,0.44594594594594594,0.23809523809523808,0.2,7,6,0.4915824915824919,0.4797979797979801,0.005834652520424155,0.00575397251758504,
1204167249,76,1.1026474592713649,1.0792724743091855,9.274276796880153,4.271516526788495,0.4876847290640394,0.48058252427184467,0.32142857142857145,0.3333333333333333,8,6,0.5185185185185187,0.5067340067340068,0.006382910516406384,0.005650143696015642,
1204167249,77,1.1102474993383658,1.0747289617189133,14.679235060941643,4.958889117704907,0.4900990099009901,0.4541284403669725,0.2222222222222222,0.3333333333333333,7,6,0.5235690235690238,0.4865319865319867,0.007193298731905736,0.00584090306810271,
1204167249,78,1.119801898250717,1.0833736957782687,14.32882680286437,7.334451114981171,0.47368421052631576,0.4419642857142857,0.24444444444444444,0.38095238095238093,8,6,0.5151515151515155,0.47979797979798,0.007720731846685051,0.006552780489872604,
1204167249,79,1.1191160421886726,1.0940516980810797,22.313504350070907,19.210247894123192,0.46919431279620855,0.4541284403669725,0.2,0.14285714285714285,8,6,0.511784511784512,0.49326599326599363,0.007925914962362541,0.0075821259802778705,
1204167249,80,1.0786722685871353,1.0770018488773052,5.268114057961005,7.149371706556036,0.47596153846153844,0.4714285714285714,0.2,0.2,6,6,0.5033670033670035,0.5000000000000001,0.0051544006040389655,0.005780773443213604,
1204167249,81,1.110862208349355,1.0750157745106677,15.496220319191403,10.717231245557063,0.47596153846153844,0.4520547945205479,0.1388888888888889,0.13333333333333333,8,6,0.5134680134680136,0.4848484848484851,0.007124153995257851,0.005852156774098627,
1204167249,82,1.0763028219509816,1.0747145526915076,3.3102173760458102,4.320910527027543,0.4583333333333333,0.45,0.4666666666666667,0.4666666666666667,6,6,0.48989898989898994,0.48316498316498335,0.005164289174310305,0.005787307442574965,
1204167249,83,1.1121682569358025,1.0869859556963635,13.57930498744179,13.43750584284663,0.49748743718592964,0.4714285714285714,0.3055555555555556,0.38095238095238093,8,6,0.5286195286195288,0.5033670033670035,0.007057310879957726,0.006614947168074637,
1204167249,84,1.1376649650327637,1.0735293945170614,20.085228226509454,10.68063106054592,0.5076923076923077,0.4520547945205479,0.2909090909090909,0.2,8,6,0.5420875420875422,0.4848484848484851,0.008292022462079255,0.005947051303710245,
1204167249,85,1.1212771860942718,1.083237465398604,13.781068037704866,8.040935332745804,0.47368421052631576,0.4342105263157895,0.24444444444444444,0.2857142857142857,8,6,0.5151515151515152,0.4730639730639732,0.007713656994691641,0.00659199600406215,
1204167249,86,1.1040552249692288,1.0683185790466059,17.201942067699925,11.150384470274114,0.4541284403669725,0.4194915254237288,0.1388888888888889,0.13333333333333333,8,6,0.4966329966329968,0.4562289562289565,0.007297043435284124,0.006055706577582032,
1204167249,87,1.0836040048806364,1.0709958539731566,7.3327923467047595,6.320160966945618,0.43043478260869567,0.4194915254237288,0.19047619047619047,0.13333333333333333,7,6,0.46969696969697,0.45622895622895654,0.00594159029249104,0.005911615960055335,
